sentence,question,set_id,type,answer,correct_option,correct_first_token,correct_probability,incorrect_option,incorrect_first_token,incorrect_probability,predicted_answer,is_correct_prediction
The child that the neighbor that the guest scared liked fell.,Who did the guest scare?,1,second_center_com,The neighbor,neighbor,71750,0.8524448275566101,child,3647,0.1475551873445511,Theneighborchildchildchild,False
The child that the neighbor that the guest scared liked fell.,Who did the neighbor like?,1,first_center_com,The child,child,3647,0.9651191234588623,guest,44547,0.03488088771700859,Thechildchildchildchild,False
"The child, who was liked by the neighbor scared by the guest, fell.",Who did the guest scare?,1,second_center_mid,The neighbor,neighbor,71750,0.07978201657533646,child,3647,0.9202179908752441,Thechildneighborchildneighbor,False
"The child, who was liked by the neighbor scared by the guest, fell.",Who did the neighbor like?,1,first_center_mid,The child,child,3647,0.9999997615814209,guest,44547,1.9068242806952185e-07,Thechildchildchildchild,False
"There is that neighbor scared by the guest, so the child, who was liked by the neighbor, fell.",Who did the guest scare?,1,second_center_sim,The neighbor,neighbor,71750,0.9996738433837891,child,3647,0.0003261483507230878,Theneighborchildchildchild,False
"There is that neighbor scared by the guest, so the child, who was liked by the neighbor, fell.",Who did the neighbor like?,1,first_center_sim,The child,child,3647,0.9999836683273315,guest,44547,1.628270729270298e-05,Thechildchildchildchild,False
"The child, who was liked by the neighbor, fell. The neighbor is the one scared by the guest.",Who did the guest scare?,1,second_center_sim_rev,The neighbor,neighbor,71750,0.9999231100082397,child,3647,7.692087820032611e-05,Theneighborchildneighborchild,False
"The child, who was liked by the neighbor, fell. The neighbor is the one scared by the guest.",Who did the neighbor like?,1,first_center_sim_rev,The child,child,3647,0.9999868869781494,guest,44547,1.3160451089788694e-05,Thechildchildchildchild,False
The man that the investigator that the journalist admired checked laughed.,Who did the journalist admire?,2,second_center_com,The investigator,investigator,70978,0.5736784338951111,man,1066,0.4263215959072113,Theinvestigatormanman,False
The man that the investigator that the journalist admired checked laughed.,Who did the investigator check?,2,first_center_com,The man,man,1066,0.917302668094635,journalist,195676,0.08269733935594559,Themanjournalistmanman,False
"The man, who was checked by the investigator admired by the journalist, laughed.",Who did the journalist admire?,2,second_center_mid,The investigator,investigator,70978,0.01822929084300995,man,1066,0.9817706942558289,Themaninvestigatorinvestig,False
"The man, who was checked by the investigator admired by the journalist, laughed.",Who did the investigator check?,2,first_center_mid,The man,man,1066,0.9993415474891663,journalist,195676,0.000658458040561527,Themanmanmanman,False
"There is that investigator admired by the journalist, so the man, who was checked by the investigator, laughed.",Who did the journalist admire?,2,second_center_sim,The investigator,investigator,70978,0.9980114698410034,man,1066,0.0019885008223354816,Theinvestigatormanman,False
"There is that investigator admired by the journalist, so the man, who was checked by the investigator, laughed.",Who did the investigator check?,2,first_center_sim,The man,man,1066,0.815232515335083,journalist,195676,0.18476751446723938,Themanjournalistmanman,False
"The man, who was checked by the investigator, laughed. The investigator is the one admired by the journalist.",Who did the journalist admire?,2,second_center_sim_rev,The investigator,investigator,70978,0.9990295171737671,man,1066,0.0009704617550596595,Theinvestigatormanman,False
"The man, who was checked by the investigator, laughed. The investigator is the one admired by the journalist.",Who did the investigator check?,2,first_center_sim_rev,The man,man,1066,0.9986586570739746,journalist,195676,0.0013412742409855127,Themanmanmanman,False
The thief that the mover that the architect knew surprised got caught.,Who did the architect know?,3,second_center_com,The mover,mover,69529,0.026861201971769333,thief,217818,0.9731387495994568,Thethiefthiefthiefthief,False
The thief that the mover that the architect knew surprised got caught.,Who did the mover surprise?,3,first_center_com,The thief,thief,217818,0.8140527606010437,architect,106944,0.1859472095966339,Thethiefthiefthiefthief,False
"The thief, who was surprised by the mover known by the architect, got caught.",Who did the architect know?,3,second_center_mid,The mover,mover,69529,0.9999428987503052,thief,217818,5.713597420253791e-05,Themoverthiefthiefthief,False
"The thief, who was surprised by the mover known by the architect, got caught.",Who did the mover surprise?,3,first_center_mid,The thief,thief,217818,0.9999262094497681,architect,106944,7.382997864624485e-05,Thethiefthiefthiefthief,False
"There is that mover known by the architect, so the thief, who was surprised by the mover, got caught.",Who did the architect know?,3,second_center_sim,The mover,mover,69529,0.9999380111694336,thief,217818,6.192942237248644e-05,Themoverthiefthiefmover,False
"There is that mover known by the architect, so the thief, who was surprised by the mover, got caught.",Who did the mover surprise?,3,first_center_sim,The thief,thief,217818,0.9999779462814331,architect,106944,2.1996407667757012e-05,Thethiefthiefthiefthief,False
"The thief, who was surprised by the mover, got caught. The mover is the one known by the architect.",Who did the architect know?,3,second_center_sim_rev,The mover,mover,69529,0.999998927116394,thief,217818,1.1015954441973008e-06,Themoverthiefthiefthief,False
"The thief, who was surprised by the mover, got caught. The mover is the one known by the architect.",Who did the mover surprise?,3,first_center_sim_rev,The thief,thief,217818,0.9999862909317017,architect,106944,1.3657993804372381e-05,Thethiefthiefthiefthief,False
The student that the producer that the director hired preferred resigned.,Who did the director hire?,4,second_center_com,The producer,producer,65044,0.026255300268530846,student,16134,0.9737446904182434,Thestudentstudentstudentstudent,False
The student that the producer that the director hired preferred resigned.,Who did the producer prefer?,4,first_center_com,The student,student,16134,0.9979190230369568,director,43022,0.002080941805616021,Thestudentstudentstudentstudent,False
"The student, who was preferred by the producer hired by the director, resigned.",Who did the director hire?,4,second_center_mid,The producer,producer,65044,0.9972477555274963,student,16134,0.002752256579697132,Theproducerstudentstudentstudent,False
"The student, who was preferred by the producer hired by the director, resigned.",Who did the producer prefer?,4,first_center_mid,The student,student,16134,0.9999805688858032,director,43022,1.9487788449623622e-05,Thestudentstudentstudentstudent,False
"There is that producer hired by the director, so the student, who was preferred by the producer, resigned.",Who did the director hire?,4,second_center_sim,The producer,producer,65044,0.9998769760131836,student,16134,0.00012303364928811789,Theproducerstudentstudentstudent,False
"There is that producer hired by the director, so the student, who was preferred by the producer, resigned.",Who did the producer prefer?,4,first_center_sim,The student,student,16134,0.9996858835220337,director,43022,0.0003141173510812223,Thestudentstudentstudentstudent,False
"The student, who was preferred by the producer, resigned. The producer is the one hired by the director.",Who did the director hire?,4,second_center_sim_rev,The producer,producer,65044,0.9999954700469971,student,16134,4.565970357361948e-06,Theproducerproducerproducerproducer,False
"The student, who was preferred by the producer, resigned. The producer is the one hired by the director.",Who did the producer prefer?,4,first_center_sim_rev,The student,student,16134,0.9999057054519653,director,43022,9.424379823030904e-05,Thestudentstudentstudentstudent,False
The technician the assistant that the ambassador insulted found was scratched.,Who did the ambassador insult?,5,second_center_com,The assistant,assistant,105776,0.027169233188033104,technician,72400,0.9728307723999023,Thetechnicianassistanttechnic,False
The technician the assistant that the ambassador insulted found was scratched.,Who did the assistant find?,5,first_center_com,The technician,technician,72400,0.41111084818840027,ambassador,1944,0.5888891220092773,Theambassadortechnician,False
"The technician, who was found by the assistant insulted by the ambassador, was scratched.",Who did the ambassador insult?,5,second_center_mid,The assistant,assistant,105776,1.1750976227631327e-05,technician,72400,0.9999881982803345,Thetechnicianianian,False
"The technician, who was found by the assistant insulted by the ambassador, was scratched.",Who did the assistant find?,5,first_center_mid,The technician,technician,72400,0.9997929930686951,ambassador,1944,0.00020703372138086706,Thetechnicianianian,False
"There is that assistant insulted by the ambassador, so the technician, who was found by the assistant, was scratched.",Who did the ambassador insult?,5,second_center_sim,The assistant,assistant,105776,0.9983912110328674,technician,72400,0.0016087881522253156,Theassistantassistantassistantassistant,False
"There is that assistant insulted by the ambassador, so the technician, who was found by the assistant, was scratched.",Who did the assistant find?,5,first_center_sim,The technician,technician,72400,0.99952232837677,ambassador,1944,0.0004777256981469691,Thetechnicianianian,False
"The technician, who was found by the assistant, was scratched. The assistant is the one insulted by the ambassador.",Who did the ambassador insult?,5,second_center_sim_rev,The assistant,assistant,105776,0.9996111989021301,technician,72400,0.0003888022620230913,Theassistantassistantassistantassistant,False
"The technician, who was found by the assistant, was scratched. The assistant is the one insulted by the ambassador.",Who did the assistant find?,5,first_center_sim_rev,The technician,technician,72400,0.9999877214431763,ambassador,1944,1.2314911145949736e-05,Thetechnicianianian,False
The model that the broadcaster that the waiter slandered recognized got famous.,Who did the waiter slander?,6,second_center_com,The broadcaster,broadcaster,39214,0.5428633093833923,model,2516,0.45713675022125244,Thebroadcastermodelmodel,False
The model that the broadcaster that the waiter slandered recognized got famous.,Who did the broadcaster recognize?,6,first_center_com,The model,model,2516,0.7994422912597656,waiter,183126,0.200557678937912,Themodelmodelmodelmodel,False
"The model, who was recognized by the broadcaster slandered by the waiter, got famous.",Who did the waiter slander?,6,second_center_mid,The broadcaster,broadcaster,39214,0.9740919470787048,model,2516,0.02590801939368248,Thebroadcastermodelmodel,False
"The model, who was recognized by the broadcaster slandered by the waiter, got famous.",Who did the broadcaster recognize?,6,first_center_mid,The model,model,2516,0.9235923886299133,waiter,183126,0.07640768587589264,Themodelmodelmodelmodel,False
"There is that broadcaster slandered by the waiter, so the model, who was recognized by the broadcaster, got famous.",Who did the waiter slander?,6,second_center_sim,The broadcaster,broadcaster,39214,0.9991440773010254,model,2516,0.0008559006382711232,Thebroadcastermodelmodel,False
"There is that broadcaster slandered by the waiter, so the model, who was recognized by the broadcaster, got famous.",Who did the broadcaster recognize?,6,first_center_sim,The model,model,2516,0.9690324664115906,waiter,183126,0.03096751682460308,Themodelmodelmodelmodel,False
"The model, who was recognized by the broadcaster, got famous. The broadcaster is the one slandered by the waiter.",Who did the waiter slander?,6,second_center_sim_rev,The broadcaster,broadcaster,39214,0.9954836368560791,model,2516,0.004516425542533398,Thebroadcastermodelmodel,False
"The model, who was recognized by the broadcaster, got famous. The broadcaster is the one slandered by the waiter.",Who did the broadcaster recognize?,6,first_center_sim_rev,The model,model,2516,0.9998903274536133,waiter,183126,0.0001096437918022275,Themodelmodelmodelmodel,False
The tourist that the student that the seller annoyed escorted fell asleep.,Who did the seller annoy?,7,second_center_com,The student,student,16134,0.025371313095092773,tourist,162042,0.974628746509552,Thetouriststudentstudenttourist,False
The tourist that the student that the seller annoyed escorted fell asleep.,Who did the student escort?,7,first_center_com,The tourist,tourist,162042,0.998221218585968,seller,36933,0.0017787249526008964,Thetouristsellersellertourist,False
"The tourist, who was escorted by the student annoyed by the seller, fell asleep.",Who did the seller annoy?,7,second_center_mid,The student,student,16134,0.9983611702919006,tourist,162042,0.0016388678923249245,Thestudentstudentstudentstudent,False
"The tourist, who was escorted by the student annoyed by the seller, fell asleep.",Who did the student escort?,7,first_center_mid,The tourist,tourist,162042,0.9999775886535645,seller,36933,2.2386475393432193e-05,Thetouristtouristtouristtourist,False
"There is that student annoyed by the seller, so the tourist, who was escorted by the student, fell asleep.",Who did the seller annoy?,7,second_center_sim,The student,student,16134,0.9970934391021729,tourist,162042,0.0029065124690532684,Thestudenttouristtouriststudent,False
"There is that student annoyed by the seller, so the tourist, who was escorted by the student, fell asleep.",Who did the student escort?,7,first_center_sim,The tourist,tourist,162042,0.9999771118164062,seller,36933,2.2872625777381472e-05,Thetouristtouristtouristtourist,False
"The tourist, who was escorted by the student, fell asleep. The student is the one annoyed by the seller.",Who did the seller annoy?,7,second_center_sim_rev,The student,student,16134,0.9992951154708862,tourist,162042,0.0007048390689305961,Thestudentstudentstudentstudent,False
"The tourist, who was escorted by the student, fell asleep. The student is the one annoyed by the seller.",Who did the student escort?,7,first_center_sim_rev,The tourist,tourist,162042,0.9999890327453613,seller,36933,1.1017488759534899e-05,Thetouristtouristtouristtourist,False
The guy that the guide that the flight attendant delayed amused calmed down.,Who did the flight attendant delay?,8,second_center_com,The guide,guide,26229,0.11757213622331619,guy,19261,0.8824278712272644,Theguyguideguyguide,False
The guy that the guide that the flight attendant delayed amused calmed down.,Who did the guide amuse?,8,first_center_com,The guy,guy,19261,0.986151397228241,flight attendant,36531,0.013848611153662205,Theguyflight attendantguy,False
"The guy, who was amused by the guide delayed by the flight attendant, calmed down.",Who did the flight attendant delay?,8,second_center_mid,The guide,guide,26229,0.4736572504043579,guy,19261,0.5263427495956421,Theguyguideguyguide,False
"The guy, who was amused by the guide delayed by the flight attendant, calmed down.",Who did the guide amuse?,8,first_center_mid,The guy,guy,19261,0.9999923706054688,flight attendant,36531,7.67646633903496e-06,Theguyguyguyguy,False
"There is that guide delayed by the flight attendant, so the guy, who was amused by the guide, calmed down.",Who did the flight attendant delay?,8,second_center_sim,The guide,guide,26229,0.9951089024543762,guy,19261,0.004891125950962305,Theguideguyguyguy,False
"There is that guide delayed by the flight attendant, so the guy, who was amused by the guide, calmed down.",Who did the guide amuse?,8,first_center_sim,The guy,guy,19261,0.9997602105140686,flight attendant,36531,0.00023980389232747257,Theguyflight attendantguy,False
"The guy, who was amused by the guide, calmed down. The guide is the one delayed by the flight attendant.",Who did the flight attendant delay?,8,second_center_sim_rev,The guide,guide,26229,0.9988861680030823,guy,19261,0.001113839098252356,Theguideguyguyguy,False
"The guy, who was amused by the guide, calmed down. The guide is the one delayed by the flight attendant.",Who did the guide amuse?,8,first_center_sim_rev,The guy,guy,19261,0.9999982118606567,flight attendant,36531,1.760343138812459e-06,Theguyguyguyguy,False
The artist that the curator that the museum hired praised smiled.,Who did the museum hire?,10,second_center_com,The curator,curator,167910,0.8665847778320312,artist,28723,0.13341520726680756,Thecuratorartistartistcurator,False
The artist that the curator that the museum hired praised smiled.,Who did the curator praise?,10,first_center_com,The artist,artist,28723,0.9990144968032837,museum,49083,0.0009854888776317239,Theartistmuseummuseummuseum,False
"The artist, who was praised by the curator hired by the museum, smiled.",Who did the museum hire?,10,second_center_mid,The curator,curator,167910,0.9999521970748901,artist,28723,4.776264904648997e-05,Thecuratorcuratorcuratorcurator,False
"The artist, who was praised by the curator hired by the museum, smiled.",Who did the curator praise?,10,first_center_mid,The artist,artist,28723,0.9999372959136963,museum,49083,6.26593828201294e-05,Theartistartistartistartist,False
"There is that curator hired by the museum, so the artist, who was praised by the curator, smiled.",Who did the museum hire?,10,second_center_sim,The curator,curator,167910,0.9995847344398499,artist,28723,0.00041528386645950377,Thecuratorcuratorcuratorcurator,False
"There is that curator hired by the museum, so the artist, who was praised by the curator, smiled.",Who did the curator praise?,10,first_center_sim,The artist,artist,28723,0.9998968839645386,museum,49083,0.00010310212383046746,Theartistmuseummuseumartist,False
"The artist, who was praised by the curator, smiled. The curator is the one hired by the museum.",Who did the museum hire?,10,second_center_sim_rev,The curator,curator,167910,0.999998927116394,artist,28723,1.0718816838561906e-06,Thecuratorcuratorcuratorcurator,False
"The artist, who was praised by the curator, smiled. The curator is the one hired by the museum.",Who did the curator praise?,10,first_center_sim_rev,The artist,artist,28723,0.9999227523803711,museum,49083,7.722191367065534e-05,Theartistartistartistartist,False
The child that the librarian that the author met liked smiled.,Who did the author meet?,11,second_center_com,The librarian,librarian,67178,0.995309054851532,child,3647,0.00469093257561326,Thelibrarianchildchild,False
The child that the librarian that the author met liked smiled.,Who did the librarian like?,11,first_center_com,The child,child,3647,0.9780517220497131,author,3849,0.021948255598545074,Thechildauthorauthorauthor,False
"The child, which was liked by the librarian met by the author, smiled.",Who did the author meet?,11,second_center_mid,The librarian,librarian,67178,0.03934250399470329,child,3647,0.9606574773788452,Thechildchildchildchild,False
"The child, which was liked by the librarian met by the author, smiled.",Who did the librarian like?,11,first_center_mid,The child,child,3647,0.9999326467514038,author,3849,6.735481292707846e-05,Thechildchildchildchild,False
"There is that librarian met by the author, so the child, which was liked by the librarian, smiled.",Who did the author meet?,11,second_center_sim,The librarian,librarian,67178,0.9999649524688721,child,3647,3.5081120586255565e-05,Thelibrarianchildchild,False
"There is that librarian met by the author, so the child, which was liked by the librarian, smiled.",Who did the librarian like?,11,first_center_sim,The child,child,3647,0.998275876045227,author,3849,0.0017240936867892742,Thechildchildchildchild,False
"The child, who was liked by the librarian, smiled. The librarian is the one met by the author.",Who did the author meet?,11,second_center_sim_rev,The librarian,librarian,67178,0.9999934434890747,child,3647,6.540436970681185e-06,Thelibrarianchildchild,False
"The child, who was liked by the librarian, smiled. The librarian is the one met by the author.",Who did the librarian like?,11,first_center_sim_rev,The child,child,3647,0.9996267557144165,author,3849,0.00037318372051231563,Thechildchildchildchild,False
The singer that the manager that the producer hired promoted performed.,Who did the producer hire?,12,second_center_com,The manager,manager,14793,0.018546564504504204,singer,119599,0.9814534187316895,Thesingermanagermanagermanager,False
The singer that the manager that the producer hired promoted performed.,Who did the manager promote?,12,first_center_com,The singer,singer,119599,0.9992671608924866,producer,65044,0.0007328961510211229,Thesingerproducerproducerproducer,False
"The singer, who was promoted by the manager hired by the producer, performed.",Who did the producer hire?,12,second_center_mid,The manager,manager,14793,0.8647679686546326,singer,119599,0.1352320909500122,Themanagermanagermanagermanager,False
"The singer, who was promoted by the manager hired by the producer, performed.",Who did the manager promote?,12,first_center_mid,The singer,singer,119599,0.9999872446060181,producer,65044,1.2780488759744912e-05,Thesingerproducerproducerproducer,False
"There is that manager hired by the producer, so the singer, who was promoted by the manager, performed.",Who did the producer hire?,12,second_center_sim,The manager,manager,14793,0.9986560344696045,singer,119599,0.0013438930036500096,Themanagermanagermanagermanager,False
"There is that manager hired by the producer, so the singer, who was promoted by the manager, performed.",Who did the manager promote?,12,first_center_sim,The singer,singer,119599,0.9999903440475464,producer,65044,9.666109690442681e-06,Thesingersingersingersinger,False
"The singer, who was promoted by the manager, performed. The manager is the one hired by the producer.",Who did the producer hire?,12,second_center_sim_rev,The manager,manager,14793,0.9988030195236206,singer,119599,0.0011969192419201136,Themanagermanagermanagermanager,False
"The singer, who was promoted by the manager, performed. The manager is the one hired by the producer.",Who did the manager promote?,12,first_center_sim_rev,The singer,singer,119599,0.9999884366989136,producer,65044,1.154622259491589e-05,Thesingerproducerproducerproducer,False
The dancer that the photographer that the director hired photographed bowed.,Who did the director hire?,13,second_center_com,The photographer,photographer,214084,0.9852146506309509,dancer,211681,0.014785408042371273,Thephotographerphotographerdancerdancer,False
The dancer that the photographer that the director hired photographed bowed.,Who did the photographer photograph?,13,first_center_com,The dancer,dancer,211681,0.9998759031295776,director,43022,0.00012405145389493555,Thedancerdirectordirectordirector,False
"The dancer, who was photographed by the photographer hired by the director, bowed.",Who did the director hire?,13,second_center_mid,The photographer,photographer,214084,0.998816728591919,dancer,211681,0.0011832796735689044,Thephotographerphotographerphotographerphotographer,False
"The dancer, who was photographed by the photographer hired by the director, bowed.",Who did the photographer photograph?,13,first_center_mid,The dancer,dancer,211681,0.999996542930603,director,43022,3.4668328225961886e-06,Thedancerdancerdancerdancer,False
"There is that photographer hired by the director, so the dancer, who was photographed by the photographer, bowed.",Who did the director hire?,13,second_center_sim,The photographer,photographer,214084,0.9997066855430603,dancer,211681,0.000293296470772475,Thephotographerphotographerphotographerphotographer,False
"There is that photographer hired by the director, so the dancer, who was photographed by the photographer, bowed.",Who did the photographer photograph?,13,first_center_sim,The dancer,dancer,211681,0.9999889135360718,director,43022,1.1060608812840655e-05,Thedancerdancerdancerdancer,False
"The dancer, who was photographed by the photographer, bowed. The photographer is the one hired by the director.",Who did the director hire?,13,second_center_sim_rev,The photographer,photographer,214084,0.9999843835830688,dancer,211681,1.5628384062438272e-05,Thephotographerphotographerphotographerphotographer,False
"The dancer, who was photographed by the photographer, bowed. The photographer is the one hired by the director.",Who did the photographer photograph?,13,first_center_sim_rev,The dancer,dancer,211681,0.9999535083770752,director,43022,4.6474400733131915e-05,Thedancerdancerdancerdancer,False
The baker that the chef that the manager appointed scolded left.,Who did the manager appoint?,14,second_center_com,The chef,chef,42126,0.15974101424217224,baker,141775,0.8402590155601501,Thebakerchefchefchef,False
The baker that the chef that the manager appointed scolded left.,Who did the chef scold?,14,first_center_com,The baker,baker,141775,0.9999611377716064,manager,14793,3.8831109122838825e-05,Thebakermanagermanagermanager,False
"The baker, who was scolded by the chef appointed by the manager, left.",Who did the manager appoint?,14,second_center_mid,The chef,chef,42126,0.993854820728302,baker,141775,0.006145091727375984,Thechefchefchefchef,False
"The baker, who was scolded by the chef appointed by the manager, left.",Who did the chef scold?,14,first_center_mid,The baker,baker,141775,0.9999995231628418,manager,14793,4.945924843013927e-07,Thebakermanagermanagermanager,False
"There is that chef appointed by the manager, so the baker, who was scolded by the chef, left.",Who did the manager appoint?,14,second_center_sim,The chef,chef,42126,0.999077320098877,baker,141775,0.0009226803085766733,Thechefchefchefchef,False
"There is that chef appointed by the manager, so the baker, who was scolded by the chef, left.",Who did the chef scold?,14,first_center_sim,The baker,baker,141775,0.9999995231628418,manager,14793,5.142948111824808e-07,Thebakerbakerbakerbaker,False
"The baker, who was scolded by the chef, left. The chef is the one appointed by the manager.",Who did the manager appoint?,14,second_center_sim_rev,The chef,chef,42126,0.9998067021369934,baker,141775,0.0001932621671585366,Thechefchefchefchef,False
"The baker, who was scolded by the chef, left. The chef is the one appointed by the manager.",Who did the chef scold?,14,first_center_sim_rev,The baker,baker,141775,0.9999992847442627,manager,14793,7.600781941619061e-07,Thebakermanagermanagermanager,False
The athlete that the coach that the reporter interviewed loved won.,Who did the reporter interview?,15,second_center_com,The coach,coach,49790,0.9257686138153076,athlete,122392,0.07423136383295059,Thecoachathletecoachathlete,False
The athlete that the coach that the reporter interviewed loved won.,Who did the coach love?,15,first_center_com,The athlete,athlete,122392,0.9999667406082153,reporter,88312,3.3214189897989854e-05,Theathleteathleteathleteathlete,False
"The athlete, who was loved by the coach interviewed by the reporter, won.",Who did the reporter interview?,15,second_center_mid,The coach,coach,49790,0.8504685759544373,athlete,122392,0.14953137934207916,Thecoachathletecoachathlete,False
"The athlete, who was loved by the coach interviewed by the reporter, won.",Who did the coach love?,15,first_center_mid,The athlete,athlete,122392,0.999998927116394,reporter,88312,1.0635402531988802e-06,Theathleteathleteathleteathlete,False
"There is that coach interviewed by the reporter, so the athlete, who was loved by the coach, won.",Who did the reporter interview?,15,second_center_sim,The coach,coach,49790,0.9997733235359192,athlete,122392,0.00022671242186333984,Thecoachcoachcoachcoach,False
"There is that coach interviewed by the reporter, so the athlete, who was loved by the coach, won.",Who did the coach love?,15,first_center_sim,The athlete,athlete,122392,0.9999939203262329,reporter,88312,6.096360266383272e-06,Theathleteathleteathleteathlete,False
"The athlete, who was loved by the coach, won. The coach is the one interviewed by the reporter.",Who did the reporter interview?,15,second_center_sim_rev,The coach,coach,49790,0.9810219407081604,athlete,122392,0.01897803694009781,Thecoachcoachcoachcoach,False
"The athlete, who was loved by the coach, won. The coach is the one interviewed by the reporter.",Who did the coach love?,15,first_center_sim_rev,The athlete,athlete,122392,0.9999991655349731,reporter,88312,8.920993082028872e-07,Theathleteathleteathleteathlete,False
The programmer that the engineer that the manager promoted collaborated with laughed.,Who did the manager promote?,16,second_center_com,The engineer,engineer,122711,0.06097518280148506,programmer,233809,0.939024806022644,Theprogrammerengineerengineerengineer,False
The programmer that the engineer that the manager promoted collaborated with laughed.,Who did the engineer collaborate with?,16,first_center_com,The programmer,programmer,233809,0.9966885447502136,manager,14793,0.0033115192782133818,Theprogrammermanagermanagermanager,False
"The programmer, who collaborated with the engineer promoted by the manager, laughed.",Who did the manager promote?,16,second_center_mid,The engineer,engineer,122711,0.9944934844970703,programmer,233809,0.005506583955138922,Theengineerengineerengineerengineer,False
"The programmer, who collaborated with the engineer promoted by the manager, laughed.",Who did the engineer collaborate with?,16,first_center_mid,The programmer,programmer,233809,0.9999839067459106,manager,14793,1.606160913070198e-05,Theprogrammermanagermanagermanager,False
"There is that engineer promoted by the manager, so the programmer, who collaborated with the engineer, laughed.",Who did the manager promote?,16,second_center_sim,The engineer,engineer,122711,0.999972939491272,programmer,233809,2.710880471568089e-05,Theengineerengineerengineerengineer,False
"There is that engineer promoted by the manager, so the programmer, who collaborated with the engineer, laughed.",Who did the engineer collaborate with?,16,first_center_sim,The programmer,programmer,233809,0.999991774559021,manager,14793,8.171549779945053e-06,Theprogrammermanagermanagerprogrammer,False
"The programmer, who collaborated with the engineer, laughed. The engineer is the one promoted by the manager.",Who did the manager promote?,16,second_center_sim_rev,The engineer,engineer,122711,0.9997588992118835,programmer,233809,0.0002410950546618551,Theengineerengineerengineerengineer,False
"The programmer, who collaborated with the engineer, laughed. The engineer is the one promoted by the manager.",Who did the engineer collaborate with?,16,first_center_sim_rev,The programmer,programmer,233809,0.9999442100524902,manager,14793,5.583975143963471e-05,Theprogrammermanagermanagermanager,False
The teacher that the principal that the parent blamed scolded resigned.,Who did the parent blame?,17,second_center_com,The principal,principal,45105,0.012722709216177464,teacher,35106,0.9872773289680481,Theteacherprincipalteacherprincipal,False
The teacher that the principal that the parent blamed scolded resigned.,Who did the principal scold?,17,first_center_com,The teacher,teacher,35106,0.9939143061637878,parent,3474,0.006085737142711878,Theteacherteacherteacherteacher,False
"The teacher, who was scolded by the principal blamed by the parent, resigned.",Who did the parent blame?,17,second_center_mid,The principal,principal,45105,4.665628875955008e-05,teacher,35106,0.9999533891677856,Theteacherteacherteacherteacher,False
"The teacher, who was scolded by the principal blamed by the parent, resigned.",Who did the principal scold?,17,first_center_mid,The teacher,teacher,35106,0.9999828338623047,parent,3474,1.719795363896992e-05,Theteacherteacherteacherteacher,False
"There is that principal blamed by the parent, so the teacher, who was scolded by the principal, resigned.",Who did the parent blame?,17,second_center_sim,The principal,principal,45105,0.9997860789299011,teacher,35106,0.00021396955708041787,Theprincipalteacherteacherprincipal,False
"There is that principal blamed by the parent, so the teacher, who was scolded by the principal, resigned.",Who did the principal scold?,17,first_center_sim,The teacher,teacher,35106,0.9997960925102234,parent,3474,0.00020392413716763258,Theteacherteacherteacherteacher,False
"The teacher, who was scolded by the principal, resigned. The principal is the one blamed by the parent.",Who did the parent blame?,17,second_center_sim_rev,The principal,principal,45105,0.9996545314788818,teacher,35106,0.0003454853140283376,Theprincipalteacherteacherprincipal,False
"The teacher, who was scolded by the principal, resigned. The principal is the one blamed by the parent.",Who did the principal scold?,17,first_center_sim_rev,The teacher,teacher,35106,0.9999361038208008,parent,3474,6.389515328919515e-05,Theteacherteacherteacherteacher,False
The nurse that the doctor that the patient praised helped smiled.,Who did the patient praise?,18,second_center_com,The doctor,doctor,32171,0.003102434566244483,nurse,129907,0.9968975782394409,Thenursedoctornursedoctor,False
The nurse that the doctor that the patient praised helped smiled.,Who did the doctor help?,18,first_center_com,The nurse,nurse,129907,0.04008735716342926,patient,22132,0.9599125981330872,Thepatientnursepatientnurse,False
"The nurse, who was helped by the doctor praised by the patient, smiled.",Who did the patient praise?,18,second_center_mid,The doctor,doctor,32171,0.06075190752744675,nurse,129907,0.9392480850219727,Thenursedoctornursedoctor,False
"The nurse, who was helped by the doctor praised by the patient, smiled.",Who did the doctor help?,18,first_center_mid,The nurse,nurse,129907,0.999887228012085,patient,22132,0.00011279297177679837,Thenursepatientnursepatient,False
"There is that doctor praised by the patient, so the nurse, who was helped by the doctor, smiled.",Who did the patient praise?,18,second_center_sim,The doctor,doctor,32171,0.9999629259109497,nurse,129907,3.712541001732461e-05,Thedoctordoctordoctordoctor,False
"There is that doctor praised by the patient, so the nurse, who was helped by the doctor, smiled.",Who did the doctor help?,18,first_center_sim,The nurse,nurse,129907,0.9998565912246704,patient,22132,0.00014341718633659184,Thenursepatientnursepatient,False
"The nurse, who was helped by the doctor, smiled. The doctor is the one praised by the patient.",Who did the patient praise?,18,second_center_sim_rev,The doctor,doctor,32171,0.9984122514724731,nurse,129907,0.0015877510886639357,Thedoctordoctordoctordoctor,False
"The nurse, who was helped by the doctor, smiled. The doctor is the one praised by the patient.",Who did the doctor help?,18,first_center_sim_rev,The nurse,nurse,129907,0.9963570237159729,patient,22132,0.0036428910680115223,Thenursepatientnursepatient,False
The customer that the waiter that the woman liked served tipped.,Who did the woman like?,19,second_center_com,The waiter,waiter,183126,0.9990934133529663,customer,15371,0.0009066175553016365,Thewaitercustomercustomercustomer,False
The customer that the waiter that the woman liked served tipped.,Who did the waiter serve?,19,first_center_com,The customer,customer,15371,0.1037486270070076,woman,14172,0.896251380443573,Thewomancustomerwomancustomer,False
"The customer, who was served by the waiter liked by the woman, tipped.",Who did the woman like?,19,second_center_mid,The waiter,waiter,183126,0.999950647354126,customer,15371,4.9375066737411544e-05,Thewaitercustomercustomerwaiter,False
"The customer, who was served by the waiter liked by the woman, tipped.",Who did the waiter serve?,19,first_center_mid,The customer,customer,15371,0.9548162817955017,woman,14172,0.045183755457401276,Thecustomerwomanwomanwoman,False
"There is that waiter liked by the woman, so the customer, who was served by the waiter, tipped.",Who did the woman like?,19,second_center_sim,The waiter,waiter,183126,0.9999891519546509,customer,15371,1.08043932414148e-05,Thewaiterwaiterwaiterwaiter,False
"There is that waiter liked by the woman, so the customer, who was served by the waiter, tipped.",Who did the waiter serve?,19,first_center_sim,The customer,customer,15371,0.9737446904182434,woman,14172,0.026255300268530846,Thecustomerwomancustomerwoman,False
"The customer, who was served by the waiter, tipped. The waiter is the one liked by the woman.",Who did the woman like?,19,second_center_sim_rev,The waiter,waiter,183126,0.999981164932251,customer,15371,1.8888222257373855e-05,Thewaitercustomercustomercustomer,False
"The customer, who was served by the waiter, tipped. The waiter is the one liked by the woman.",Who did the waiter serve?,19,first_center_sim_rev,The customer,customer,15371,0.9653158187866211,woman,14172,0.03468417376279831,Thecustomerwomanwomanwoman,False
The pilot that the passenger that the flight attendant assisted admired flew.,Who did the flight attendant assist?,20,second_center_com,The passenger,passenger,107852,0.6951311230659485,pilot,69794,0.3048688769340515,Thepassengerpilotpilotpassenger,False
The pilot that the passenger that the flight attendant assisted admired flew.,Who did the passenger admire?,20,first_center_com,The pilot,pilot,69794,0.9987840056419373,flight attendant,36531,0.0012160416226834059,Thepilotflight attendantflight,False
"The pilot, who was admired by the passenger assisted by the flight attendant, flew.",Who did the flight attendant assist?,20,second_center_mid,The passenger,passenger,107852,0.8122723698616028,pilot,69794,0.18772760033607483,Thepassengerpilotpilotpassenger,False
"The pilot, who was admired by the passenger assisted by the flight attendant, flew.",Who did the passenger admire?,20,first_center_mid,The pilot,pilot,69794,0.999529242515564,flight attendant,36531,0.0004707820189651102,Thepilotpilotpilotpilot,False
"There is that passenger assisted by the flight attendant, so the pilot, who was admired by the passenger, flew.",Who did the flight attendant assist?,20,second_center_sim,The passenger,passenger,107852,0.9988468885421753,pilot,69794,0.0011530854972079396,Thepassengerpilotpilotpassenger,False
"There is that passenger assisted by the flight attendant, so the pilot, who was admired by the passenger, flew.",Who did the passenger admire?,20,first_center_sim,The pilot,pilot,69794,0.9998698234558105,flight attendant,36531,0.00013020254846196622,Thepilotpilotpilotpilot,False
"The pilot, who was admired by the passenger, flew. The passenger is the one assisted by the flight attendant.",Who did the flight attendant assist?,20,second_center_sim_rev,The passenger,passenger,107852,0.999954104423523,pilot,69794,4.5932985813124105e-05,Thepassengerpilotpilotpassenger,False
"The pilot, who was admired by the passenger, flew. The passenger is the one assisted by the flight attendant.",Who did the passenger admire?,20,first_center_sim_rev,The pilot,pilot,69794,0.9986646175384521,flight attendant,36531,0.0013354007387533784,Thepilotpilotpilotpilot,False
The lawyer that the detective that the judge trusted consulted objected.,Who did the judge trust?,21,second_center_com,The detective,detective,230232,0.04742587357759476,lawyer,184209,0.9525741338729858,Thelawyerlawyerlawyerlawyer,False
The lawyer that the detective that the judge trusted consulted objected.,Who did the detective consult?,21,first_center_com,The lawyer,lawyer,184209,0.9978531002998352,judge,85312,0.0021468563936650753,Thelawyerlawyerlawyerlawyer,False
"The lawyer, who was consulted by the detective trusted by the judge, objected.",Who did the judge trust?,21,second_center_mid,The detective,detective,230232,0.9996907711029053,lawyer,184209,0.00030928669730201364,Thedetectivelawyerlawyerlawyer,False
"The lawyer, who was consulted by the detective trusted by the judge, objected.",Who did the detective consult?,21,first_center_mid,The lawyer,lawyer,184209,0.9974811673164368,judge,85312,0.002518813591450453,Thelawyerlawyerlawyerlawyer,False
"There is that detective trusted by the judge, so the lawyer, who was consulted by the detective, objected.",Who did the judge trust?,21,second_center_sim,The detective,detective,230232,0.9999796152114868,lawyer,184209,2.0423007299541496e-05,Thedetectivedetectivedetectivedetective,False
"There is that detective trusted by the judge, so the lawyer, who was consulted by the detective, objected.",Who did the detective consult?,21,first_center_sim,The lawyer,lawyer,184209,0.9987144470214844,judge,85312,0.0012855612440034747,Thelawyerlawyerlawyerlawyer,False
"The lawyer, who was consulted by the detective, objected. The detective is the one trusted by the judge.",Who did the judge trust?,21,second_center_sim_rev,The detective,detective,230232,0.999994158744812,lawyer,184209,5.885760401724838e-06,Thedetectivelawyerlawyerdetective,False
"The lawyer, who was consulted by the detective, objected. The detective is the one trusted by the judge.",Who did the detective consult?,21,first_center_sim_rev,The lawyer,lawyer,184209,0.996616780757904,judge,85312,0.003383191069588065,Thelawyerlawyerlawyerlawyer,False
The manager that the supervisor that the employee disliked fired left.,Who did the employee dislike?,22,second_center_com,The supervisor,supervisor,160480,0.013955710455775261,manager,14793,0.9860442876815796,Themanagermanagermanagermanager,False
The manager that the supervisor that the employee disliked fired left.,Who did the supervisor fire?,22,first_center_com,The manager,manager,14793,0.005057874601334333,employee,25131,0.9949421286582947,Theemployeeemployeeemployeeemployee,False
"The manager, who was fired by the supervisor disliked by the employee, left.",Who did the employee dislike?,22,second_center_mid,The supervisor,supervisor,160480,0.9991297125816345,manager,14793,0.0008703222847543657,Thesupervisormanagermanagermanager,False
"The manager, who was fired by the supervisor disliked by the employee, left.",Who did the supervisor fire?,22,first_center_mid,The manager,manager,14793,0.9999839067459106,employee,25131,1.606160913070198e-05,Themanageremployeeemployeeemployee,False
"There is that supervisor disliked by the employee, so the manager, who was fired by the supervisor, left.",Who did the employee dislike?,22,second_center_sim,The supervisor,supervisor,160480,0.9999865293502808,manager,14793,1.3420012692222372e-05,Thesupervisormanagermanagermanager,False
"There is that supervisor disliked by the employee, so the manager, who was fired by the supervisor, left.",Who did the supervisor fire?,22,first_center_sim,The manager,manager,14793,0.9999159574508667,employee,25131,8.39869026094675e-05,Themanagermanagermanagermanager,False
"The manager, who was fired by the supervisor, left. The supervisor is the one disliked by the employee.",Who did the employee dislike?,22,second_center_sim_rev,The supervisor,supervisor,160480,0.9988653659820557,manager,14793,0.0011346752289682627,Thesupervisormanagermanagermanager,False
"The manager, who was fired by the supervisor, left. The supervisor is the one disliked by the employee.",Who did the supervisor fire?,22,first_center_sim_rev,The manager,manager,14793,0.9999334812164307,employee,25131,6.65701663820073e-05,Themanageremployeeemployeeemployee,False
The director that the actor that the audience admired criticized frowned.,Who did the audience admire?,23,second_center_com,The actor,actor,7732,0.9832144975662231,director,43022,0.01678549125790596,Theactordirectordirectoractor,False
The director that the actor that the audience admired criticized frowned.,Who did the actor criticize?,23,first_center_com,The director,director,43022,0.9977415800094604,audience,90250,0.002258439315482974,Thedirectoraudienceaudiencedirector,False
"The director, who was criticized by the actor admired by the audience, frowned.",Who did the audience admire?,23,second_center_mid,The actor,actor,7732,0.9989066123962402,director,43022,0.0010933851590380073,Theactordirectordirectoractor,False
"The director, who was criticized by the actor admired by the audience, frowned.",Who did the actor criticize?,23,first_center_mid,The director,director,43022,0.9999630451202393,audience,90250,3.698067303048447e-05,Thedirectoraudienceaudiencedirector,False
"There is that actor admired by the audience, so the director, who was criticized by the actor, frowned.",Who did the audience admire?,23,second_center_sim,The actor,actor,7732,0.9994509816169739,director,43022,0.0005490148323588073,Theactoractoractoractor,False
"There is that actor admired by the audience, so the director, who was criticized by the actor, frowned.",Who did the actor criticize?,23,first_center_sim,The director,director,43022,0.9999979734420776,audience,90250,2.0500258415268036e-06,Thedirectoraudiencedirectoraudience,False
"The director, who was criticized by the actor, frowned. The actor is the one admired by the audience.",Who did the audience admire?,23,second_center_sim_rev,The actor,actor,7732,0.9998623132705688,director,43022,0.0001376882428303361,Theactoractoractoractor,False
"The director, who was criticized by the actor, frowned. The actor is the one admired by the audience.",Who did the actor criticize?,23,first_center_sim_rev,The director,director,43022,0.999875545501709,audience,90250,0.00012448374764062464,Thedirectordirectordirectordirector,False
The musician that the conductor that the audience cheered liked performed.,Who did the audience cheer?,24,second_center_com,The conductor,conductor,119942,0.0002085553132928908,musician,222087,0.9997914433479309,Themusicianmusicianmusicianmusician,False
The musician that the conductor that the audience cheered liked performed.,Who did the conductor like?,24,first_center_com,The musician,musician,222087,0.9980083107948303,audience,90250,0.001991652650758624,Themusicianaudienceaudiencemusician,False
"The musician, who was liked by the conductor cheered by the audience, performed.",Who did the audience cheer?,24,second_center_mid,The conductor,conductor,119942,2.549128475948237e-05,musician,222087,0.9999744892120361,Themusicianmusicianmusicianmusician,False
"The musician, who was liked by the conductor cheered by the audience, performed.",Who did the conductor like?,24,first_center_mid,The musician,musician,222087,0.9999951124191284,audience,90250,4.898568931821501e-06,Themusicianmusicianmusicianmusician,False
"There is that conductor cheered by the audience, so the musician, who was liked by the conductor, performed.",Who did the audience cheer?,24,second_center_sim,The conductor,conductor,119942,0.9999470710754395,musician,222087,5.2868166676489636e-05,Theconductormusicianmusicianmusician,False
"There is that conductor cheered by the audience, so the musician, who was liked by the conductor, performed.",Who did the conductor like?,24,first_center_sim,The musician,musician,222087,0.9999480247497559,audience,90250,5.1997765694977716e-05,Themusicianmusicianmusicianmusician,False
"The musician, who was liked by the conductor, performed. The conductor is the one cheered by the audience.",Who did the audience cheer?,24,second_center_sim_rev,The conductor,conductor,119942,0.999980092048645,musician,222087,1.9949917259509675e-05,Theconductormusicianmusicianmusician,False
"The musician, who was liked by the conductor, performed. The conductor is the one cheered by the audience.",Who did the conductor like?,24,first_center_sim_rev,The musician,musician,222087,0.9992504715919495,audience,90250,0.0007495314930565655,Themusicianmusicianmusicianmusician,False
The carpenter that the builder that the homeowner trusted hated resigned.,Who did the homeowner trust?,25,second_center_com,The builder,builder,11095,0.0030963998287916183,carpenter,108742,0.9969035983085632,Thecarpenterbuildercarp,False
The carpenter that the builder that the homeowner trusted hated resigned.,Who did the builder hate?,25,first_center_com,The carpenter,carpenter,108742,0.9960545301437378,homeowner,6274,0.003945406526327133,Thecarpenterhomeowner,False
"The carpenter, who was hated by the builder trusted by the homeowner, resigned.",Who did the homeowner trust?,25,second_center_mid,The builder,builder,11095,0.01945657655596733,carpenter,108742,0.9805434346199036,Thecarpenterbuilderbuilder,False
"The carpenter, who was hated by the builder trusted by the homeowner, resigned.",Who did the builder hate?,25,first_center_mid,The carpenter,carpenter,108742,0.9999648332595825,homeowner,6274,3.5149696486769244e-05,Thecarpenterhomeowner,False
"There is that builder trusted by the homeowner, so the carpenter, who was hated by the builder, resigned.",Who did the homeowner trust?,25,second_center_sim,The builder,builder,11095,0.9999390840530396,carpenter,108742,6.0969367041252553e-05,Thebuilderbuilderbuilderbuilder,False
"There is that builder trusted by the homeowner, so the carpenter, who was hated by the builder, resigned.",Who did the builder hate?,25,first_center_sim,The carpenter,carpenter,108742,0.9999990463256836,homeowner,6274,9.874638635665178e-07,Thecarpenterhomeowner,False
"The carpenter, who was hated by the builder, resigned. The builder is the one trusted by the homeowner.",Who did the homeowner trust?,25,second_center_sim_rev,The builder,builder,11095,0.9999791383743286,carpenter,108742,2.086652057187166e-05,Thebuilderbuilderbuilderbuilder,False
"The carpenter, who was hated by the builder, resigned. The builder is the one trusted by the homeowner.",Who did the builder hate?,25,first_center_sim_rev,The carpenter,carpenter,108742,0.9997214674949646,homeowner,6274,0.0002785063988994807,Thecarpenterhomeowner,False
The editor that the journalist that the reader respected criticized apologized.,Who did the reader respect?,26,second_center_com,The journalist,journalist,195676,0.8787311315536499,editor,14016,0.1212688684463501,Thejournalisteditoreditorjournalist,False
The editor that the journalist that the reader respected criticized apologized.,Who did the journalist criticize?,26,first_center_com,The editor,editor,14016,0.9939261078834534,reader,16120,0.006073934491723776,Theeditoreditoreditoreditor,False
"The editor, who was criticized by the journalist respected by the reader, apologized.",Who did the reader respect?,26,second_center_mid,The journalist,journalist,195676,0.999473512172699,editor,14016,0.0005264497012831271,Thejournalisteditoreditorjournalist,False
"The editor, who was criticized by the journalist respected by the reader, apologized.",Who did the journalist criticize?,26,first_center_mid,The editor,editor,14016,0.9999743700027466,reader,16120,2.561605469963979e-05,Theeditoreditoreditoreditor,False
"There is that journalist respected by the reader, so the editor, who was criticized by the journalist, apologized.",Who did the reader respect?,26,second_center_sim,The journalist,journalist,195676,0.9999589920043945,editor,14016,4.101373997400515e-05,Thejournalistjournalistjournalistjournalist,False
"There is that journalist respected by the reader, so the editor, who was criticized by the journalist, apologized.",Who did the journalist criticize?,26,first_center_sim,The editor,editor,14016,0.9999607801437378,reader,16120,3.921216193703003e-05,Theeditoreditoreditoreditor,False
"The editor, who was criticized by the journalist, apologized. The journalist is the one respected by the reader.",Who did the reader respect?,26,second_center_sim_rev,The journalist,journalist,195676,0.9999303817749023,editor,14016,6.966260116314515e-05,Thejournalisteditoreditorjournalist,False
"The editor, who was criticized by the journalist, apologized. The journalist is the one respected by the reader.",Who did the journalist criticize?,26,first_center_sim_rev,The editor,editor,14016,0.9999430179595947,reader,16120,5.6941025832202286e-05,Theeditoreditoreditoreditor,False
The athlete that the coach that the reporter praised hated won.,Who did the reporter praise?,27,second_center_com,The coach,coach,49790,0.024798160418868065,athlete,122392,0.9752018451690674,Theathletecoachathletecoach,False
The athlete that the coach that the reporter praised hated won.,Who did the coach hate?,27,first_center_com,The athlete,athlete,122392,0.9994673132896423,reporter,88312,0.0005326520767994225,Theathleteathleteathleteathlete,False
"The athlete, who was hated by the coach praised by the reporter, won.",Who did the reporter praise?,27,second_center_mid,The coach,coach,49790,6.888468487886712e-05,athlete,122392,0.9999310970306396,Theathleteathleteathleteathlete,False
"The athlete, who was hated by the coach praised by the reporter, won.",Who did the coach hate?,27,first_center_mid,The athlete,athlete,122392,0.9999995231628418,reporter,88312,5.183284770282626e-07,Theathleteathleteathleteathlete,False
"There is that coach praised by the reporter, so the athlete, who was hated by the coach, won.",Who did the reporter praise?,27,second_center_sim,The coach,coach,49790,0.9998931884765625,athlete,122392,0.00010679088154574856,Thecoachcoachcoachcoach,False
"There is that coach praised by the reporter, so the athlete, who was hated by the coach, won.",Who did the coach hate?,27,first_center_sim,The athlete,athlete,122392,0.999988317489624,reporter,88312,1.1636780072876718e-05,Theathleteathleteathleteathlete,False
"The athlete, who was hated by the coach, won. The coach is the one praised by the reporter.",Who did the reporter praise?,27,second_center_sim_rev,The coach,coach,49790,0.9965435862541199,athlete,122392,0.003456409787759185,Thecoachcoachcoachcoach,False
"The athlete, who was hated by the coach, won. The coach is the one praised by the reporter.",Who did the coach hate?,27,first_center_sim_rev,The athlete,athlete,122392,0.9999871253967285,reporter,88312,1.2931140190630686e-05,Theathleteathleteathleteathlete,False
The scientist that the professor that the student admired collaborated with won a prize.,Who did the student admire?,28,second_center_com,The professor,professor,106337,0.23581159114837646,scientist,129394,0.7641884088516235,Thescientiststst,False
The scientist that the professor that the student admired collaborated with won a prize.,Who did the professor collaborate with?,28,first_center_com,The scientist,scientist,129394,0.984752357006073,student,16134,0.015247589908540249,Thescientistststudent,False
"The scientist, who collaborated with the professor admired by the student, won a prize.",Who did the student admire?,28,second_center_mid,The professor,professor,106337,0.9989995360374451,scientist,129394,0.0010005044750869274,Theprofessorststst,False
"The scientist, who collaborated with the professor admired by the student, won a prize.",Who did the professor collaborate with?,28,first_center_mid,The scientist,scientist,129394,0.9905142784118652,student,16134,0.009485714137554169,Thescientiststst,False
"There is that professor admired by the student, so the scientist, who collaborated with the professor, won a prize.",Who did the student admire?,28,second_center_sim,The professor,professor,106337,0.999904990196228,scientist,129394,9.49828972807154e-05,Theprofessorststst,False
"There is that professor admired by the student, so the scientist, who collaborated with the professor, won a prize.",Who did the professor collaborate with?,28,first_center_sim,The scientist,scientist,129394,0.998879611492157,student,16134,0.0011203773319721222,Thescientiststst,False
"The scientist, who collaborated with the professor, won a prize. The professor is the one admired by the student.",Who did the student admire?,28,second_center_sim_rev,The professor,professor,106337,0.9999405145645142,scientist,129394,5.94408847973682e-05,Theprofessorststst,False
"The scientist, who collaborated with the professor, won a prize. The professor is the one admired by the student.",Who did the professor collaborate with?,28,first_center_sim_rev,The scientist,scientist,129394,0.9908300638198853,student,16134,0.009169895201921463,Thescientiststst,False
The player that the coach that the fan adored shouted at scored a goal.,Who did the fan adore?,29,second_center_com,The coach,coach,49790,0.4493926465511322,player,6693,0.5506073832511902,Theplayercoachplayercoach,False
The player that the coach that the fan adored shouted at scored a goal.,Who did the coach shout at?,29,first_center_com,The player,player,6693,0.9963286519050598,fan,10144,0.003671357873827219,Theplayerplayerplayerplayer,False
"The player, who was shouted by the coach adored by the fan, scored a goal.",Who did the fan adore?,29,second_center_mid,The coach,coach,49790,0.0073600816540420055,player,6693,0.9926398992538452,Theplayercoachplayercoach,False
"The player, who was shouted by the coach adored by the fan, scored a goal.",Who did the coach shout at?,29,first_center_mid,The player,player,6693,0.9999527931213379,fan,10144,4.725235339719802e-05,Theplayerplayerplayerplayer,False
"There is that coach adored by the fan, so the player, who was shouted at by the coach, scored a goal.",Who did the fan adore?,29,second_center_sim,The coach,coach,49790,0.9999856948852539,player,6693,1.425764276064001e-05,Thecoachcoachcoachcoach,False
"There is that coach adored by the fan, so the player, who was shouted at by the coach, scored a goal.",Who did the coach shout at?,29,first_center_sim,The player,player,6693,0.9999445676803589,fan,10144,5.5459360737586394e-05,Theplayerplayerplayerplayer,False
"The player, who was shouted at by the coach, scored a goal. The coach is the one adored by the fan.",Who did the fan adore?,29,second_center_sim_rev,The coach,coach,49790,0.9999796152114868,player,6693,2.0383158698678017e-05,Thecoachcoachcoachcoach,False
"The player, who was shouted at by the coach, scored a goal. The coach is the one adored by the fan.",Who did the coach shout at?,29,first_center_sim_rev,The player,player,6693,0.9999548196792603,fan,10144,4.5220887841423973e-05,Theplayerplayerplayerplayer,False
The actor that the director that the dancer loved cast performed in a movie.,Who did the dancer love?,30,second_center_com,The director,director,43022,0.00214476534165442,actor,7732,0.9978552460670471,Theactoractoractoractor,False
The actor that the director that the dancer loved cast performed in a movie.,Who did the director cast?,30,first_center_com,The actor,actor,7732,0.7122321724891663,dancer,211681,0.28776782751083374,Theactordanceractoractor,False
"The actor, who was cast by the director loved by the dancer, performed in a movie.",Who did the dancer love?,30,second_center_mid,The director,director,43022,0.9971606731414795,actor,7732,0.002839374355971813,Thedirectoractoractordirector,False
"The actor, who was cast by the director loved by the dancer, performed in a movie.",Who did the director cast?,30,first_center_mid,The actor,actor,7732,0.9999455213546753,dancer,211681,5.443986810860224e-05,Theactoractoractoractor,False
"There is that director loved by the dancer, so the actor, who was cast by the director, performed in a movie.",Who did the dancer love?,30,second_center_sim,The director,director,43022,0.9999294281005859,actor,7732,7.058701885398477e-05,Thedirectoractordirectoractor,False
"There is that director loved by the dancer, so the actor, who was cast by the director, performed in a movie.",Who did the director cast?,30,first_center_sim,The actor,actor,7732,0.9982926249504089,dancer,211681,0.0017073675990104675,Theactoractoractoractor,False
"The actor, who was cast by the director, performed in a movie. The director is the one loved by the dancer.",Who did the dancer love?,30,second_center_sim_rev,The director,director,43022,0.9998701810836792,actor,7732,0.00012982171028852463,Thedirectoractordirectoractor,False
"The actor, who was cast by the director, performed in a movie. The director is the one loved by the dancer.",Who did the director cast?,30,first_center_sim_rev,The actor,actor,7732,0.9998507499694824,dancer,211681,0.00014927511801943183,Theactoractoractoractor,False
The engineer that the architect that the client hired hated designed the building.,Who did the client hire?,31,second_center_com,The architect,architect,106944,0.6884684562683105,engineer,122711,0.31153160333633423,Thearchitectengineerarchitectengineer,False
The engineer that the architect that the client hired hated designed the building.,Who did the architect hate?,31,first_center_com,The engineer,engineer,122711,0.9899086952209473,client,5251,0.010091315023601055,Theengineerclientclientclient,False
"The engineer, who was hated by the architect hired by the client, designed the building.",Who did the client hire?,31,second_center_mid,The architect,architect,106944,0.9997896552085876,engineer,122711,0.0002103960287058726,Thearchitectengineerarchitectengineer,False
"The engineer, who was hated by the architect hired by the client, designed the building.",Who did the architect hate?,31,first_center_mid,The engineer,engineer,122711,0.999996542930603,client,5251,3.4064250939991325e-06,Theengineerengineerengineerengineer,False
"There is that architect hired by the client, so the engineer, who was hated by the architect, designed the building.",Who did the client hire?,31,second_center_sim,The architect,architect,106944,0.9999902248382568,engineer,122711,9.76096634985879e-06,Thearchitectengineerengineerarchitect,False
"There is that architect hired by the client, so the engineer, who was hated by the architect, designed the building.",Who did the architect hate?,31,first_center_sim,The engineer,engineer,122711,0.9999885559082031,client,5251,1.143401641456876e-05,Theengineerengineerengineerengineer,False
"The engineer, who was hated by the architect, designed the building. The architect is the one hired by the client.",Who did the client hire?,31,second_center_sim_rev,The architect,architect,106944,0.9999921321868896,engineer,122711,7.858505341573618e-06,Thearchitectengineerarchitectengineer,False
"The engineer, who was hated by the architect, designed the building. The architect is the one hired by the client.",Who did the architect hate?,31,first_center_sim_rev,The engineer,engineer,122711,0.9997434020042419,client,5251,0.00025664037093520164,Theengineerengineerengineerengineer,False
The judge that the lawyer that the defendant trusted consulted agreed.,Who did the defendant trust?,32,second_center_com,The lawyer,lawyer,184209,0.32167303562164307,judge,85312,0.6783269047737122,Thejudgelawyerlawyerlawyer,False
The judge that the lawyer that the defendant trusted consulted agreed.,Who did the lawyer consult?,32,first_center_com,The judge,judge,85312,0.9376689791679382,defendant,162834,0.06233103945851326,Thejudgedefendantdefendantdefendant,False
"The judge, who was consulted by the lawyer trusted by the defendant, agreed.",Who did the defendant trust?,32,second_center_mid,The lawyer,lawyer,184209,0.9997231364250183,judge,85312,0.0002768121485132724,Thelawyerlawyerlawyerlawyer,False
"The judge, who was consulted by the lawyer trusted by the defendant, agreed.",Who did the lawyer consult?,32,first_center_mid,The judge,judge,85312,0.8745065331459045,defendant,162834,0.12549345195293427,Thejudgejudgejudgejudge,False
"There is that lawyer trusted by the defendant, so the judge, who was consulted by the lawyer, agreed.",Who did the defendant trust?,32,second_center_sim,The lawyer,lawyer,184209,0.9999116659164429,judge,85312,8.836163760861382e-05,Thelawyerlawyerlawyerlawyer,False
"There is that lawyer trusted by the defendant, so the judge, who was consulted by the lawyer, agreed.",Who did the lawyer consult?,32,first_center_sim,The judge,judge,85312,0.9999945163726807,defendant,162834,5.496860012499383e-06,Thejudgejudgejudgejudge,False
"The judge, who was consulted by the lawyer, agreed. The lawyer is the one trusted by the defendant.",Who did the defendant trust?,32,second_center_sim_rev,The lawyer,lawyer,184209,0.9999779462814331,judge,85312,2.1996407667757012e-05,Thelawyerlawyerlawyerlawyer,False
"The judge, who was consulted by the lawyer, agreed. The lawyer is the one trusted by the defendant.",Who did the lawyer consult?,32,first_center_sim_rev,The judge,judge,85312,0.9998599290847778,defendant,162834,0.00014006120909471065,Thejudgedefendantjudgedefendant,False
The dancer that the choreographer that the audience applauded loved performed.,Who did the audience applaud?,33,second_center_com,The choreographer,choreographer,530,0.001192549359984696,dancer,211681,0.998807430267334,Thedancerchoreographer,False
The dancer that the choreographer that the audience applauded loved performed.,Who did the choreographer love?,33,first_center_com,The dancer,dancer,211681,0.9998757839202881,audience,90250,0.0001241802383447066,Thedancerdancerdancerdancer,False
"The dancer, who was loved by the choreographer applauded by the audience, performed.",Who did the audience applaud?,33,second_center_mid,The choreographer,choreographer,530,0.0005821255035698414,dancer,211681,0.9994179010391235,Thedancerdancerdancerdancer,False
"The dancer, who was loved by the choreographer applauded by the audience, performed.",Who did the choreographer love?,33,first_center_mid,The dancer,dancer,211681,0.9999991655349731,audience,90250,8.028025035855535e-07,Thedancerdancerdancerdancer,False
"There is that choreographer applauded by the audience, so the dancer, who was loved by the choreographer, performed.",Who did the audience applaud?,33,second_center_sim,The choreographer,choreographer,530,0.9960927367210388,dancer,211681,0.003907214850187302,Thechoreographerch,False
"There is that choreographer applauded by the audience, so the dancer, who was loved by the choreographer, performed.",Who did the choreographer love?,33,first_center_sim,The dancer,dancer,211681,0.9999966621398926,audience,90250,3.314542709631496e-06,Thedancerdancerdancerdancer,False
"The dancer, who was loved by the choreographer, performed. The choreographer is the one applauded by the audience.",Who did the audience applaud?,33,second_center_sim_rev,The choreographer,choreographer,530,0.9828891754150391,dancer,211681,0.01711089164018631,Thechoreographerch,False
"The dancer, who was loved by the choreographer, performed. The choreographer is the one applauded by the audience.",Who did the choreographer love?,33,first_center_sim_rev,The dancer,dancer,211681,0.9999798536300659,audience,90250,2.0106383090023883e-05,Thedancerdancerdancerdancer,False
The reporter that the editor that the journalist praised interviewed resigned.,Who did the journalist praise?,34,second_center_com,The editor,editor,14016,0.005040702875703573,reporter,88312,0.9949592351913452,Thereportereditorreportereditor,False
The reporter that the editor that the journalist praised interviewed resigned.,Who did the editor interview?,34,first_center_com,The reporter,reporter,88312,0.38954654335975647,journalist,195676,0.6104534864425659,Thejournalistjournalistjournalistjournalist,False
"The reporter, who was interviewed by the editor praised by the journalist, resigned.",Who did the journalist praise?,34,second_center_mid,The editor,editor,14016,0.0063021220266819,reporter,88312,0.9936979413032532,Thereportereditoreditorreporter,False
"The reporter, who was interviewed by the editor praised by the journalist, resigned.",Who did the editor interview?,34,first_center_mid,The reporter,reporter,88312,0.9973165392875671,journalist,195676,0.002683439524844289,Thereporterjournalistjournalistreporter,False
"There is that editor praised by the journalist, so the reporter, who was interviewed by the editor, resigned.",Who did the journalist praise?,34,second_center_sim,The editor,editor,14016,0.9999567270278931,reporter,88312,4.323451503296383e-05,Theeditoreditoreditoreditor,False
"There is that editor praised by the journalist, so the reporter, who was interviewed by the editor, resigned.",Who did the editor interview?,34,first_center_sim,The reporter,reporter,88312,0.9949642419815063,journalist,195676,0.005035807844251394,Thereporterjournalistreporterjournalist,False
"The reporter, who was interviewed by the editor, resigned. The editor is the one praised by the journalist.",Who did the journalist praise?,34,second_center_sim_rev,The editor,editor,14016,0.9996668100357056,reporter,88312,0.00033322893432341516,Theeditoreditoreditoreditor,False
"The reporter, who was interviewed by the editor, resigned. The editor is the one praised by the journalist.",Who did the editor interview?,34,first_center_sim_rev,The reporter,reporter,88312,0.9964790940284729,journalist,195676,0.0035209129564464092,Thereporterjournalistjournalistreporter,False
The student that the professor that the dean recommended scared graduated.,Who did the dean recommend?,35,second_center_com,The professor,professor,106337,0.13432104885578156,student,16134,0.8656789064407349,Thestudentstudentstudentstudent,False
The student that the professor that the dean recommended scared graduated.,Who did the professor scare?,35,first_center_com,The student,student,16134,0.696784257888794,dean,66523,0.30321577191352844,Thestudentdeanstudentstudent,False
"The student, who was scared by the professor recommended by the dean, graduated.",Who did the dean recommend?,35,second_center_mid,The professor,professor,106337,0.9961624145507812,student,16134,0.003837527707219124,Theprofessorstudentstudentstudent,False
"The student, who was scared by the professor recommended by the dean, graduated.",Who did the professor scare?,35,first_center_mid,The student,student,16134,0.9997434020042419,dean,66523,0.00025664037093520164,Thestudentstudentstudentstudent,False
"There is that professor recommended by the dean, so the student, who was scared by the professor, graduated.",Who did the dean recommend?,35,second_center_sim,The professor,professor,106337,0.9982479810714722,student,16134,0.001752050593495369,Theprofessorstudentstudentstudent,False
"There is that professor recommended by the dean, so the student, who was scared by the professor, graduated.",Who did the professor scare?,35,first_center_sim,The student,student,16134,0.9998911619186401,dean,66523,0.00010879062756430358,Thestudentstudentstudentstudent,False
"The student, who was scared by the professor, graduated. The professor is the one recommended by the dean.",Who did the dean recommend?,35,second_center_sim_rev,The professor,professor,106337,0.9998946189880371,student,16134,0.00010534092871239409,Theprofessorstudentstudentstudent,False
"The student, who was scared by the professor, graduated. The professor is the one recommended by the dean.",Who did the professor scare?,35,first_center_sim_rev,The student,student,16134,0.9997538924217224,dean,66523,0.0002460892137605697,Thestudentstudentstudentstudent,False
The gardener that the neighbor that the child loved helped planted flowers.,Who did the child love?,36,second_center_com,The neighbor,neighbor,71750,0.1761041283607483,gardener,29498,0.8238958716392517,Thegardenerneighborneighbor,False
The gardener that the neighbor that the child loved helped planted flowers.,Who did the neighbor help?,36,first_center_com,The gardener,gardener,29498,0.9369805455207825,child,3647,0.06301947683095932,Thegardenerchildchild,False
"The gardener, who was helped by the neighbor loved by the child, planted flowers.",Who did the child love?,36,second_center_mid,The neighbor,neighbor,71750,0.8774768114089966,gardener,29498,0.12252321094274521,Theneighborgardenergard,False
"The gardener, who was helped by the neighbor loved by the child, planted flowers.",Who did the neighbor help?,36,first_center_mid,The gardener,gardener,29498,0.9970850348472595,child,3647,0.0029150154441595078,Thegardenerchildchild,False
"There is that neighbor loved by the child, so the gardener, who was helped by the neighbor, planted flowers.",Who did the child love?,36,second_center_sim,The neighbor,neighbor,71750,0.9970014691352844,gardener,29498,0.0029984985012561083,Theneighborneighborneighborneighbor,False
"There is that neighbor loved by the child, so the gardener, who was helped by the neighbor, planted flowers.",Who did the neighbor help?,36,first_center_sim,The gardener,gardener,29498,0.9998061060905457,child,3647,0.00019392374088056386,Thegardenergardener,False
"The gardener, who was helped by the neighbor, planted flowers. The neighbor is the one loved by the child.",Who did the child love?,36,second_center_sim_rev,The neighbor,neighbor,71750,0.9925249218940735,gardener,29498,0.007475120481103659,Theneighborgardenerneighbor,False
"The gardener, who was helped by the neighbor, planted flowers. The neighbor is the one loved by the child.",Who did the neighbor help?,36,first_center_sim_rev,The gardener,gardener,29498,0.9999822378158569,child,3647,1.77092406374868e-05,Thegardenerchildchild,False
The baker that the chef that the confectioner thanked recommended baked bread.,Who did the confectioner thank?,37,second_center_com,The chef,chef,42126,0.11676400899887085,baker,141775,0.8832359910011292,Thebakerbakerbakerbaker,False
The baker that the confectioner that the chef recommended thanked baked bread.,Who did the chef recommend?,37,first_center_com,The baker,baker,141775,0.9991912245750427,confectioner,7363,0.0008088074973784387,Thebakerbakerconfection,False
"The baker, who was recommended by the chef thanked by the confectioner, baked bread.",Who did the confectioner thank?,37,second_center_mid,The chef,chef,42126,1.3032557944825385e-05,baker,141775,0.999987006187439,Thebakerbakerbakerbaker,False
"The baker, who was recommended by the chef thanked by the confectioner, baked bread.",Who did the chef recommend?,37,first_center_mid,The baker,baker,141775,0.99998939037323,confectioner,7363,1.0636888873705175e-05,Thebakerbakerbakerbaker,False
"There is that chef thanked by the confectioner, so the baker, who was recommended by the chef, baked bread.",Who did the confectioner thank?,37,second_center_sim,The chef,chef,42126,0.9995439648628235,baker,141775,0.0004559702065307647,Thechefchefchefchef,False
"There is that chef thanked by the confectioner, so the baker, who was recommended by the chef, baked bread.",Who did the chef recommend?,37,first_center_sim,The baker,baker,141775,0.999996542930603,confectioner,7363,3.494023530947743e-06,Thebakerbakerbakerbaker,False
"The baker, who was recommended by the chef, baked bread. The chef is the one thanked by the confectioner.",Who did the confectioner thank?,37,second_center_sim_rev,The chef,chef,42126,0.9991374015808105,baker,141775,0.0008626077906228602,Thechefchefchefchef,False
"The baker, who was recommended by the chef, baked bread. The chef is the one thanked by the confectioner.",Who did the chef recommend?,37,first_center_sim_rev,The baker,baker,141775,0.9999963045120239,confectioner,7363,3.7266393064783188e-06,Thebakerbakerbakerbaker,False
The firefighter that the mayor that the citizen admired awarded saved a family.,Who did the citizen admire?,38,second_center_com,The mayor,mayor,90432,0.015936993062496185,firefighter,7838,0.9840630292892456,Thefirefighterfirefighter,False
The firefighter that the mayor that the citizen admired awarded saved a family.,Who did the mayor award?,38,first_center_com,The firefighter,firefighter,7838,0.9842457175254822,citizen,105025,0.015754245221614838,Thefirefighterfirefighter,False
"The firefighter, who was awarded by the mayor admired by the citizen, saved a family.",Who did the citizen admire?,38,second_center_mid,The mayor,mayor,90432,0.0032698807772248983,firefighter,7838,0.9967300891876221,Thefirefighterfirefighter,False
"The firefighter, who was awarded by the mayor admired by the citizen, saved a family.",Who did the mayor award?,38,first_center_mid,The firefighter,firefighter,7838,0.999805748462677,citizen,105025,0.00019430280372034758,Thefirefighterfirefighter,False
"There is that mayor admired by the citizen, so the firefighter, who was awarded by the mayor, saved a family.",Who did the citizen admire?,38,second_center_sim,The mayor,mayor,90432,0.9996225833892822,firefighter,7838,0.0003773967910092324,Themayorfirefighterfire,False
"There is that mayor admired by the citizen, so the firefighter, who was awarded by the mayor, saved a family.",Who did the mayor award?,38,first_center_sim,The firefighter,firefighter,7838,0.9999427795410156,citizen,105025,5.7163873862009495e-05,Thefirefighterfirefighter,False
"The firefighter, who was awarded by the mayor, saved a family. The mayor is the one admired by the citizen.",Who did the citizen admire?,38,second_center_sim_rev,The mayor,mayor,90432,0.9998327493667603,firefighter,7838,0.00016717720427550375,Themayorfirefighterfire,False
"The firefighter, who was awarded by the mayor, saved a family. The mayor is the one admired by the citizen.",Who did the mayor award?,38,first_center_sim_rev,The firefighter,firefighter,7838,0.9999676942825317,citizen,105025,3.2318330340785906e-05,Thefirefighterfirefighter,False
The artist that the collector that the gallery owner invited greeted painted a mural.,Who did the gallery owner invite?,39,second_center_com,The collector,collector,85929,0.03796369209885597,artist,28723,0.9620362520217896,Theartistartistartistartist,False
The artist that the collector that the gallery owner invited greeted painted a mural.,Who did the collector greet?,39,first_center_com,The artist,artist,28723,0.9999946355819702,owner,14288,5.338155460776761e-06,Theartistartistartistartist,False
"The artist, who was greeted by the collector invited by the gallery owner, painted a mural.",Who did the gallery owner invite?,39,second_center_mid,The collector,collector,85929,0.9771973490715027,artist,28723,0.02280263602733612,Thecollectorartistartistcollector,False
"The artist, who was greeted by the collector invited by the gallery owner, painted a mural.",Who did the collector greet?,39,first_center_mid,The artist,artist,28723,0.999997615814209,owner,14288,2.387378117418848e-06,Theartistartistartistartist,False
"There is that collector invited by the gallery owner, so the artist, who was greeted by the collector, painted a mural.",Who did the gallery owner invite?,39,second_center_sim,The collector,collector,85929,0.9983308911323547,artist,28723,0.0016691022319719195,Thecollectorartistartistartist,False
"There is that collector invited by the gallery owner, so the artist, who was greeted by the collector, painted a mural.",Who did the collector greet?,39,first_center_sim,The artist,artist,28723,0.9999984502792358,owner,14288,1.559577981424809e-06,Theartistartistartistartist,False
"The artist, who was greeted by the collector, painted a mural. The collector is the one invited by the gallery owner.",Who did the gallery owner invite?,39,second_center_sim_rev,The collector,collector,85929,0.9999830722808838,artist,28723,1.689828968665097e-05,Thecollectorartistartistcollector,False
"The artist, who was greeted by the collector, painted a mural. The collector is the one invited by the gallery owner.",Who did the collector greet?,39,first_center_sim_rev,The artist,artist,28723,0.9999711513519287,owner,14288,2.8857119104941376e-05,Theartistartistartistartist,False
The child that the lifeguard that the swimmers liked saved smiled.,Who did the swimmers like?,41,second_center_com,The lifeguard,lifeguard,7641,0.9897513389587402,child,3647,0.01024860143661499,Thelifeguardchildchild,False
The child that the lifeguard that the swimmers liked saved smiled.,Who did the lifeguard save?,41,first_center_com,The child,child,3647,0.9871540665626526,swimmers,112634,0.012845958583056927,Thechildswimmerschild,False
"The child, who was saved by the lifeguard liked by the swimmers, smiled.",Who did the swimmers like?,41,second_center_mid,The lifeguard,lifeguard,7641,0.7341195344924927,child,3647,0.2658804953098297,Thelifeguardchildchild,False
"The child, who was saved by the lifeguard liked by the swimmers, smiled.",Who did the lifeguard save?,41,first_center_mid,The child,child,3647,0.9999836683273315,swimmers,112634,1.634643558645621e-05,Thechildchildchildchild,False
"There is that lifeguard liked by the swimmers, so the child, who was saved by the lifeguard, smiled.",Who did the swimmers like?,41,second_center_sim,The lifeguard,lifeguard,7641,0.9999853372573853,child,3647,1.4624282812292222e-05,Thelifeguardlifeguard,False
"There is that lifeguard liked by the swimmers, so the child, who was saved by the lifeguard, smiled.",Who did the lifeguard save?,41,first_center_sim,The child,child,3647,0.9991212487220764,swimmers,112634,0.0008787483675405383,Thechildchildchildchild,False
"The child, who was saved by the lifeguard, smiled. The lifeguard is the one liked by the swimmers.",Who did the swimmers like?,41,second_center_sim_rev,The lifeguard,lifeguard,7641,0.9999703168869019,child,3647,2.965704152302351e-05,Thelifeguardlifeguard,False
"The child, who was saved by the lifeguard, smiled. The lifeguard is the one liked by the swimmers.",Who did the lifeguard save?,41,first_center_sim_rev,The child,child,3647,0.9997794032096863,swimmers,112634,0.00022059856564737856,Thechildchildchildchild,False
The accountant that the auditor that the client trusted inspected filed the report.,Who did the client trust?,42,second_center_com,The auditor,auditor,19327,0.18892180919647217,accountant,9600,0.8110781908035278,Theaccountantauditor,False
The accountant that the auditor that the client trusted inspected filed the report.,Who did the auditor inspect?,42,first_center_com,The accountant,accountant,9600,0.5765419602394104,client,5251,0.4234580099582672,Theaccountantclientclient,False
"The accountant, who was inspected by the auditor trusted by the client, filed the report.",Who did the client trust?,42,second_center_mid,The auditor,auditor,19327,0.9999914169311523,accountant,9600,8.597226042184047e-06,Theauditorauditor,False
"The accountant, who was inspected by the auditor trusted by the client, filed the report.",Who did the auditor inspect?,42,first_center_mid,The accountant,accountant,9600,0.9996316432952881,client,5251,0.00036829791497439146,Theaccountantclientclient,False
"There is that auditor trusted by the client, so the accountant, who was inspected by the auditor, filed the report.",Who did the client trust?,42,second_center_sim,The auditor,auditor,19327,0.9999887943267822,accountant,9600,1.1234787962166592e-05,Theauditorauditor,False
"There is that auditor trusted by the client, so the accountant, who was inspected by the auditor, filed the report.",Who did the auditor inspect?,42,first_center_sim,The accountant,accountant,9600,0.9996672868728638,client,5251,0.0003327412996441126,Theaccountantclientclient,False
"The accountant, who was inspected by the auditor, filed the report. The auditor is the one trusted by the client.",Who did the client trust?,42,second_center_sim_rev,The auditor,auditor,19327,0.9999964237213135,accountant,9600,3.6119829474046128e-06,Theauditorauditor,False
"The accountant, who was inspected by the auditor, filed the report. The auditor is the one trusted by the client.",Who did the auditor inspect?,42,first_center_sim_rev,The accountant,accountant,9600,0.9995719790458679,client,5251,0.00042804275290109217,Theaccountantclientclient,False
The librarian that the student that the teacher complimented assisted found a book.,Who did the teacher compliment?,43,second_center_com,The student,student,16134,0.8987665772438049,librarian,67178,0.10123348236083984,Thestudentstudentstudentstudent,False
The librarian that the student that the teacher complimented assisted found a book.,Who did the student assist?,43,first_center_com,The librarian,librarian,67178,0.9956600069999695,teacher,35106,0.004339932929724455,Thelibrarianteacherteacher,False
"The librarian, who was assisted by the student complimented by the teacher, found a book.",Who did the teacher compliment?,43,second_center_mid,The student,student,16134,0.9683812260627747,librarian,67178,0.031618766486644745,Thestudentlibrarianstudent,False
"The librarian, who was assisted by the student complimented by the teacher, found a book.",Who did the student assist?,43,first_center_mid,The librarian,librarian,67178,0.9998613595962524,teacher,35106,0.00013859872706234455,Thelibrarianteacherteacher,False
"There is that student complimented by the teacher, so the librarian, who was assisted by the student, found a book.",Who did the teacher compliment?,43,second_center_sim,The student,student,16134,0.9894702434539795,librarian,67178,0.010529711842536926,Thestudentstudentstudentstudent,False
"There is that student complimented by the teacher, so the librarian, who was assisted by the student, found a book.",Who did the student assist?,43,first_center_sim,The librarian,librarian,67178,0.9998900890350342,teacher,35106,0.0001098581196856685,Thelibrarianteacherlibr,False
"The librarian, who was assisted by the student, found a book. The student is the one complimented by the teacher.",Who did the teacher compliment?,43,second_center_sim_rev,The student,student,16134,0.9994093179702759,librarian,67178,0.0005907104350626469,Thestudentstudentstudentstudent,False
"The librarian, who was assisted by the student, found a book. The student is the one complimented by the teacher.",Who did the student assist?,43,first_center_sim_rev,The librarian,librarian,67178,0.9997754693031311,teacher,35106,0.0002245096693513915,Thelibrarianteacherteacher,False
The plumber that the contractor that the homeowner hired respected fixed the leak.,Who did the homeowner hire?,44,second_center_com,The contractor,contractor,177840,0.14953137934207916,plumber,1389,0.8504685759544373,Theplumberplumber,False
The plumber that the contractor that the homeowner hired respected fixed the leak.,Who did the contractor respect?,44,first_center_com,The plumber,plumber,1389,0.9940312504768372,homeowner,6274,0.0059687308967113495,Theplumberhomeowner,False
"The plumber, who was respected by the contractor hired by the homeowner, fixed the leak.",Who did the homeowner hire?,44,second_center_mid,The contractor,contractor,177840,0.939024806022644,plumber,1389,0.06097518280148506,Thecontractorplumberpl,False
"The plumber, who was respected by the contractor hired by the homeowner, fixed the leak.",Who did the contractor respect?,44,first_center_mid,The plumber,plumber,1389,0.9999477863311768,homeowner,6274,5.225227141636424e-05,Theplumberhomeowner,False
"There is that contractor hired by the homeowner, so the plumber, who was respected by the contractor, fixed the leak.",Who did the homeowner hire?,44,second_center_sim,The contractor,contractor,177840,0.9939378499984741,plumber,1389,0.006062155123800039,Thecontractorplumberpl,False
"There is that contractor hired by the homeowner, so the plumber, who was respected by the contractor, fixed the leak.",Who did the contractor respect?,44,first_center_sim,The plumber,plumber,1389,0.9998077750205994,homeowner,6274,0.00019222713308408856,Theplumberplumber,False
"The plumber, who was respected by the contractor, fixed the leak. The contractor is the one hired by the homeowner.",Who did the homeowner hire?,44,second_center_sim_rev,The contractor,contractor,177840,0.983502209186554,plumber,1389,0.016497835516929626,Thecontractorplumberpl,False
"The plumber, who was respected by the contractor, fixed the leak. The contractor is the one hired by the homeowner.",Who did the contractor respect?,44,first_center_sim_rev,The plumber,plumber,1389,0.9999626874923706,homeowner,6274,3.734356869244948e-05,Theplumberhomeowner,False
The tailor that the client that the designer complimented commissioned sewed a suit.,Who did the designer compliment?,45,second_center_com,The client,client,5251,0.21337716281414032,tailor,1628,0.7866228222846985,Thetailororclient,False
The tailor that the client that the designer complimented commissioned sewed a suit.,Who did the client commission?,45,first_center_com,The tailor,tailor,1628,0.999152421951294,designer,78437,0.000847589981276542,Thetailorordesigner,False
"The tailor, who was commissioned by the client complimented by the designer, sewed a suit.",Who did the designer compliment?,45,second_center_mid,The client,client,5251,0.0051897866651415825,tailor,1628,0.9948102235794067,Thetailororor,False
"The tailor, who was commissioned by the client complimented by the designer, sewed a suit.",Who did the client commission?,45,first_center_mid,The tailor,tailor,1628,0.9996098875999451,designer,78437,0.0003901329473592341,Thetailorordesigner,False
"There is that client complimented by the designer, so the tailor, who was commissioned by the client, sewed a suit.",Who did the designer compliment?,45,second_center_sim,The client,client,5251,0.9964480400085449,tailor,1628,0.0035518843214958906,Theclientclientclientclient,False
"There is that client complimented by the designer, so the tailor, who was commissioned by the client, sewed a suit.",Who did the client commission?,45,first_center_sim,The tailor,tailor,1628,0.9974428415298462,designer,78437,0.0025572096928954124,Thetailorortail,False
"The tailor, who was commissioned by the client, sewed a suit. The client is the one complimented by the designer.",Who did the designer compliment?,45,second_center_sim_rev,The client,client,5251,0.9967963099479675,tailor,1628,0.003203718224540353,Theclientclientclientclient,False
"The tailor, who was commissioned by the client, sewed a suit. The client is the one complimented by the designer.",Who did the client commission?,45,first_center_sim_rev,The tailor,tailor,1628,0.9992296695709229,designer,78437,0.0007702931761741638,Thetailororor,False
The electrician that the supervisor that the foreman trained supervised installed the wiring.,Who did the foreman train?,46,second_center_com,The supervisor,supervisor,160480,0.9973113536834717,electrician,16411,0.0026886719278991222,Thesupervisorsupervisorsupervisorsupervisor,False
The electrician that the supervisor that the foreman trained supervised installed the wiring.,Who did the supervisor supervise?,46,first_center_com,The electrician,electrician,16411,0.9630224108695984,foreman,1348,0.036977555602788925,Theelectricianmanfore,False
"The electrician, who was supervised by the supervisor trained by the foreman, installed the wiring.",Who did the foreman train?,46,second_center_mid,The supervisor,supervisor,160480,0.9999121427536011,electrician,16411,8.784544479567558e-05,Thesupervisorsupervisorsupervisorsupervisor,False
"The electrician, who was supervised by the supervisor trained by the foreman, installed the wiring.",Who did the supervisor supervise?,46,first_center_mid,The electrician,electrician,16411,0.9985191226005554,foreman,1348,0.0014808280393481255,Theelectricianforeman,False
"There is that supervisor trained by the foreman, so the electrician, who was supervised by the supervisor, installed the wiring.",Who did the foreman train?,46,second_center_sim,The supervisor,supervisor,160480,0.9999842643737793,electrician,16411,1.5689549400121905e-05,Thesupervisorricianelectrician,False
"There is that supervisor trained by the foreman, so the electrician, who was supervised by the supervisor, installed the wiring.",Who did the supervisor supervise?,46,first_center_sim,The electrician,electrician,16411,0.994234025478363,foreman,1348,0.005766000598669052,Theelectricianricianrician,False
"The electrician, who was supervised by the supervisor, installed the wiring. The supervisor is the one trained by the foreman.",Who did the foreman train?,46,second_center_sim_rev,The supervisor,supervisor,160480,0.999994158744812,electrician,16411,5.885760401724838e-06,Thesupervisorricianelectrician,False
"The electrician, who was supervised by the supervisor, installed the wiring. The supervisor is the one trained by the foreman.",Who did the supervisor supervise?,46,first_center_sim_rev,The electrician,electrician,16411,0.9989256262779236,foreman,1348,0.0010743539314717054,Theelectricianforeman,False
The driver that the instructor that the transportation company manager employed trained passed the test.,Who did the transportation company employ?,47,second_center_com,The instructor,instructor,150877,0.8169911503791809,driver,11686,0.1830088496208191,Theinstructordriverdriverinstructor,False
The driver that the instructor that the transportation company manager employed trained passed the test.,Who did the instructor train?,47,first_center_com,The driver,driver,11686,0.9999938011169434,company manager,13817,6.240931270440342e-06,The manager manager manager manager,False
"The driver, who passed the test trained by the instructor employed by the transportation company manager, passed the test.",Who did the transportation company employ?,47,second_center_mid,The instructor,instructor,150877,0.9522199034690857,driver,11686,0.04778006672859192,Theinstructorinstructorinstructorinstructor,False
"The driver, who passed the test trained by the instructor employed by the transportation company manager, passed the test.",Who did the instructor train?,47,first_center_mid,The driver,driver,11686,0.9999923706054688,company manager,13817,7.67646633903496e-06,The manager manager manager manager,False
"There is that instructor employed by the transportation company manager, so the driver, who passed the test trained by the instructor, passed the test.",Who did the transportation company employ?,47,second_center_sim,The instructor,instructor,150877,0.9992703795433044,driver,11686,0.0007296402473002672,Theinstructorinstructorinstructorinstructor,False
"There is that instructor employed by the transportation company manager, so the driver, who passed the test trained by the instructor, passed the test.",Who did the instructor train?,47,first_center_sim,The driver,driver,11686,0.9999966621398926,company manager,13817,3.314542709631496e-06,Thedriverdriverdriverdriver,False
"The driver, who passed the test trained by the instructor, passed the test. The instructor is the one employed by the transportation company manager.",Who did the transportation company employ?,47,second_center_sim_rev,The instructor,instructor,150877,0.9979038238525391,driver,11686,0.0020962071139365435,Theinstructorinstructorinstructorinstructor,False
"The driver, who passed the test trained by the instructor, passed the test. The instructor is the one employed by the transportation company manager.",Who did the instructor train?,47,first_center_sim_rev,The driver,driver,11686,0.9999978542327881,company manager,13817,2.1737328097515274e-06,The manager manager manager manager,False
The architect that the builder that the developer funded hired designed the skyscraper.,Who did the developer fund?,48,second_center_com,The builder,builder,11095,0.0010282108560204506,architect,106944,0.9989718198776245,Thearchitectarchitectarchitectarchitect,False
The architect that the builder that the developer funded hired designed the skyscraper.,Who did the builder hire?,48,first_center_com,The architect,architect,106944,0.9999034404754639,developer,64885,9.657276677899063e-05,Thearchitectarchitectarchitectarchitect,False
"The architect, who was hired by the builder funded by the developer, designed the skyscraper.",Who did the developer fund?,48,second_center_mid,The builder,builder,11095,0.9999295473098755,architect,106944,7.044929952826351e-05,Thebuilderbuilderbuilderbuilder,False
"The architect, who was hired by the builder funded by the developer, designed the skyscraper.",Who did the builder hire?,48,first_center_mid,The architect,architect,106944,0.9995575547218323,developer,64885,0.00044248730409890413,Thearchitectarchitectarchitectarchitect,False
"There is that builder funded by the developer, so the architect, who was hired by the builder, designed the skyscraper.",Who did the developer fund?,48,second_center_sim,The builder,builder,11095,0.999586284160614,architect,106944,0.0004136654897592962,Thebuilderbuilderbuilderbuilder,False
"There is that builder funded by the developer, so the architect, who was hired by the builder, designed the skyscraper.",Who did the builder hire?,48,first_center_sim,The architect,architect,106944,0.9999475479125977,developer,64885,5.245676948106848e-05,Thearchitectarchitectarchitectarchitect,False
"The architect, who was hired by the builder, designed the skyscraper. The builder is the one funded by the developer.",Who did the developer fund?,48,second_center_sim_rev,The builder,builder,11095,0.999994158744812,architect,106944,5.817189503432019e-06,Thebuilderbuilderbuilderbuilder,False
"The architect, who was hired by the builder, designed the skyscraper. The builder is the one funded by the developer.",Who did the builder hire?,48,first_center_sim_rev,The architect,architect,106944,0.9026095867156982,developer,64885,0.09739039838314056,Thearchitectarchitectarchitectarchitect,False
The professor that the researcher that the academic committee honored advised published a paper.,Who did the academic committee honor?,50,second_center_com,The researcher,researcher,34867,0.0016444696811959147,professor,106337,0.9983554482460022,Theprofessorerresearcher,False
The professor that the researcher that the academic committee honored advised published a paper.,Who did the researcher advise?,50,first_center_com,The professor,professor,106337,0.9999909400939941,committee,57082,9.080476047529373e-06,Theprofessorprofessorprofessorprofessor,False
"The professor, who was advised by the researcher honored by the academic committee, published a paper.",Who did the academic committee honor?,50,second_center_mid,The researcher,researcher,34867,0.7185943722724915,professor,106337,0.28140559792518616,Theresearcherprofessorprofessor,False
"The professor, who was advised by the researcher honored by the academic committee, published a paper.",Who did the researcher advise?,50,first_center_mid,The professor,professor,106337,0.9999998807907104,committee,57082,1.41150707122506e-07,Theprofessorprofessorprofessorprofessor,False
"There is that researcher honored by the academic committee, so the professor, who was advised by the researcher, published a paper.",Who did the academic committee honor?,50,second_center_sim,The researcher,researcher,34867,0.9876639246940613,professor,106337,0.01233610138297081,Theresearcherprofessorprofessor,False
"There is that researcher honored by the academic committee, so the professor, who was advised by the researcher, published a paper.",Who did the researcher advise?,50,first_center_sim,The professor,professor,106337,0.9999996423721313,committee,57082,3.3465803994658927e-07,Theprofessorprofessorprofessorprofessor,False
"The professor, who was advised by the researcher, published a paper. The researcher is the one honored by the academic committee.",Who did the academic committee honor?,50,second_center_sim_rev,The researcher,researcher,34867,0.995258629322052,professor,106337,0.00474135484546423,Theresearcherprofessorprofessor,False
"The professor, who was advised by the researcher, published a paper. The researcher is the one honored by the academic committee.",Who did the researcher advise?,50,first_center_sim_rev,The professor,professor,106337,0.9999998807907104,committee,57082,6.387061546320183e-08,Theprofessorprofessorprofessorprofessor,False
